{
    "bests_avg": [
        [
            0.6308968976754624,
            0.6389617672982627
        ],
        [
            0.6046345056000614,
            0.7190778411999516
        ],
        [
            0.5943014883327281,
            0.7514958616696881
        ],
        [
            0.5878671289503897,
            0.7715712058224522
        ],
        [
            0.5827557840413217,
            0.7864026442329118
        ],
        [
            0.5784006229056637,
            0.798715382017888
        ],
        [
            0.5745591879534778,
            0.8091749916218218
        ],
        [
            0.5708316863572718,
            0.817992580588507
        ],
        [
            0.5671712220213541,
            0.8256004675542741
        ],
        [
            0.5633537115252921,
            0.8328576869396581
        ],
        [
            0.5591450420187973,
            0.8396112364700146
        ],
        [
            0.5539854535209534,
            0.8461427032006716
        ],
        [
            0.5478878391480909,
            0.8526201454178818
        ],
        [
            0.539874766089923,
            0.8595630276672553
        ],
        [
            0.5298057330040341,
            0.8676227796936112
        ],
        [
            0.5168908362470181,
            0.8772873029799337
        ],
        [
            0.49831691175385245,
            0.8891354266313466
        ],
        [
            0.46401283897761225,
            0.9048732638303917
        ],
        [
            0.3751154392390489,
            0.928044802128807
        ],
        [
            0.17855539890612035,
            0.9610999966131092
        ]
    ],
    "invalids_summed": [
        [
            1,
            1
        ],
        [
            101,
            101
        ],
        [
            160,
            160
        ],
        [
            212,
            212
        ],
        [
            282,
            282
        ],
        [
            326,
            326
        ],
        [
            374,
            374
        ],
        [
            437,
            437
        ],
        [
            516,
            516
        ],
        [
            608,
            608
        ],
        [
            755,
            755
        ],
        [
            977,
            977
        ],
        [
            1417,
            1417
        ],
        [
            2184,
            2184
        ],
        [
            3917,
            3917
        ],
        [
            7457,
            7457
        ],
        [
            14379,
            14379
        ],
        [
            29407,
            29407
        ],
        [
            68137,
            68137
        ],
        [
            185879,
            185879
        ]
    ]
}